QuantSA_xll,..\..\..\QuantSA\QuantSA.Excel.Addin\bin\Release,QuantSA.xll
QuantSA_Help_url,..\..\..\QuantSA\QuantSA.Excel.Addin\bin\Release,QuantSA Help.url
QuantSA_dna,..\..\..\QuantSA\QuantSA.Excel.Addin\bin\Release,QuantSA.dna
zipped_dlls_zip,..\..\..\QuantSA\QuantSA.Excel.Addin\bin\Release,zipped_dlls.zip
BermudanSwaption_xlsx,..\..\..\QuantSA\QuantSA.Excel.Addin\bin\Release,ExcelExamples\BermudanSwaption.xlsx
CDS_xlsx,..\..\..\QuantSA\QuantSA.Excel.Addin\bin\Release,ExcelExamples\CDS.xlsx
Conventions_xlsx,..\..\..\QuantSA\QuantSA.Excel.Addin\bin\Release,ExcelExamples\Conventions.xlsx
CreateProductFromFile_xlsx,..\..\..\QuantSA\QuantSA.Excel.Addin\bin\Release,ExcelExamples\CreateProductFromFile.xlsx
EPE_xlsx,..\..\..\QuantSA\QuantSA.Excel.Addin\bin\Release,ExcelExamples\EPE.xlsx
EquityValuation_xlsx,..\..\..\QuantSA\QuantSA.Excel.Addin\bin\Release,ExcelExamples\EquityValuation.xlsx
FitCurveNelsonSiegel_xlsx,..\..\..\QuantSA\QuantSA.Excel.Addin\bin\Release,ExcelExamples\FitCurveNelsonSiegel.xlsx
GeneralSwap_xlsx,..\..\..\QuantSA\QuantSA.Excel.Addin\bin\Release,ExcelExamples\GeneralSwap.xlsx
InterpLinear_xlsx,..\..\..\QuantSA\QuantSA.Excel.Addin\bin\Release,ExcelExamples\InterpLinear.xlsx
Introduction_xlsx,..\..\..\QuantSA\QuantSA.Excel.Addin\bin\Release,ExcelExamples\Introduction.xlsx
Loans_xlsx,..\..\..\QuantSA\QuantSA.Excel.Addin\bin\Release,ExcelExamples\Loans.xlsx
PCA_xlsx,..\..\..\QuantSA\QuantSA.Excel.Addin\bin\Release,ExcelExamples\PCA.xlsx
PFE_xlsx,..\..\..\QuantSA\QuantSA.Excel.Addin\bin\Release,ExcelExamples\PFE.xlsx
ZARFRA_xlsx,..\..\..\QuantSA\QuantSA.Excel.Addin\bin\Release,ExcelExamples\ZARFRA.xlsx
ZARSwap_xlsx,..\..\..\QuantSA\QuantSA.Excel.Addin\bin\Release,ExcelExamples\ZARSwap.xlsx
BEELoanExample_cs,..\..\..\QuantSA\QuantSA.Excel.Addin\bin\Release,Scripts\BEELoanExample.cs
EuropeanCallSimple_cs,..\..\..\QuantSA\QuantSA.Excel.Addin\bin\Release,Scripts\EuropeanCallSimple.cs
IncentiveOptionExample_cs,..\..\..\QuantSA\QuantSA.Excel.Addin\bin\Release,Scripts\IncentiveOptionExample.cs
